fichier,titre,auteur,licence,lien_licence,page_source,largeur_originale,hauteur_originale
01_maison-des-celibataires.jpg,Maison des célibataires.JPG,NadègeNN,CC BY-SA 3.0,https://creativecommons.org/licenses/by-sa/3.0,https://commons.wikimedia.org/wiki/File:Maison_des_c%C3%A9libataires.JPG,2048,1536
02_chambre-de-commerce-de-douala.jpg,CHAMBRE DE COMMERCE DE DOUALA.JPG,Happyraph,CC BY-SA 3.0,https://creativecommons.org/licenses/by-sa/3.0,https://commons.wikimedia.org/wiki/File:CHAMBRE_DE_COMMERCE_DE_DOUALA.JPG,4288,2848
03_crtv-maison-de-la-radio-yaounde.jpg,CRTV Maison de la radio Yaoundé.jpg,Minette Lontsie,CC BY-SA 4.0,https://creativecommons.org/licenses/by-sa/4.0,https://commons.wikimedia.org/wiki/File:CRTV_Maison_de_la_radio_Yaound%C3%A9.jpg,2911,2288
04_prime-minister-building-yaounde-cameroon.jpg,"Prime Minister Building, Yaoundé, Cameroon.jpg",Ryanvanhuyssteen,CC BY-SA 4.0,https://creativecommons.org/licenses/by-sa/4.0,"https://commons.wikimedia.org/wiki/File:Prime_Minister_Building,_Yaound%C3%A9,_Cameroon.jpg",3456,4608
05_villa-mandessi-bell-a.jpg,Villa Mandessi Bell a.jpg,Yves Makongo,CC BY-SA 3.0,https://creativecommons.org/licenses/by-sa/3.0,https://commons.wikimedia.org/wiki/File:Villa_Mandessi_Bell_a.jpg,2048,1536
06_completed-house-in-bamum-cameroon-imp-defap-cmcfgb-cp015-2.jpg,"Completed house in Bamum, Cameroon (IMP-DEFAP CMCFGB-CP015 2).jpg","Wuhrmann, Anna",Public domain,,"https://commons.wikimedia.org/wiki/File:Completed_house_in_Bamum,_Cameroon_(IMP-DEFAP_CMCFGB-CP015_2).jpg",4000,2947
07_missionary-housing-in-bamum-village-cameroon-ca-1904-imp-yds.jpg,"Missionary housing in Bamum village, Cameroon, ca.1904 (IMP-YDS-RG101-012-0000-0031).jpg",Unknown authorUnknown author,Public domain,,"https://commons.wikimedia.org/wiki/File:Missionary_housing_in_Bamum_village,_Cameroon,_ca.1904_(IMP-YDS-RG101-012-0000-0031).jpg",7932,4712
08_the-star-building-yaounde-cameroon.jpg,"The Star Building, Yaoundé, Cameroon.jpg",Ryanvanhuyssteen,CC BY-SA 4.0,https://creativecommons.org/licenses/by-sa/4.0,"https://commons.wikimedia.org/wiki/File:The_Star_Building,_Yaound%C3%A9,_Cameroon.jpg",4608,3456
09_sur-le-pont-du-fleuve-nyong-01.jpg,Sur le pont du fleuve Nyong. 01.jpg,Le Schéma,CC0,http://creativecommons.org/publicdomain/zero/1.0/deed.en,https://commons.wikimedia.org/wiki/File:Sur_le_pont_du_fleuve_Nyong._01.jpg,3024,4032
10_village-weaver-at-limbe-cameroon-by-julie-langford.jpg,"Village weaver at Limbe, Cameroon, by Julie Langford.jpg",Julielangford,CC BY-SA 3.0,https://creativecommons.org/licenses/by-sa/3.0,"https://commons.wikimedia.org/wiki/File:Village_weaver_at_Limbe,_Cameroon,_by_Julie_Langford.jpg",4488,3136
11_urban-settlement-in-buea.jpg,Urban settlement in buea.jpg,Sarita Blessing,CC0,http://creativecommons.org/publicdomain/zero/1.0/deed.en,https://commons.wikimedia.org/wiki/File:Urban_settlement_in_buea.jpg,3072,2919
12_6-vue-aerienne-de-la-ville-de-bafoussam.jpg,6. Vue aérienne de la ville de Bafoussam.jpg,PENdjeng,CC0,http://creativecommons.org/publicdomain/zero/1.0/deed.en,https://commons.wikimedia.org/wiki/File:6._Vue_a%C3%A9rienne_de_la_ville_de_Bafoussam.jpg,3280,1551
13_flooded-houses-and-farmlands-in-bamenda.jpg,Flooded houses and farmlands in Bamenda.jpg,Lontum,CC BY-SA 4.0,https://creativecommons.org/licenses/by-sa/4.0,https://commons.wikimedia.org/wiki/File:Flooded_houses_and_farmlands_in_Bamenda.jpg,4608,3456
14_symbolic-sculpture-of-boots-at-bazou-chiefdom.jpg,Symbolic sculpture of boots at Bazou chiefdom.jpg,Mercyuniverse,CC BY-SA 4.0,https://creativecommons.org/licenses/by-sa/4.0,https://commons.wikimedia.org/wiki/File:Symbolic_sculpture_of_boots_at_Bazou_chiefdom.jpg,2362,3599
15_banana-houses-musgum.jpg,"Banana Houses, Musgum.jpg","Edited by Walter Victor Hutchinson (1887-1950), Photo by Percy Amaury Talbot (1877-1945)",Public domain,,"https://commons.wikimedia.org/wiki/File:Banana_Houses,_Musgum.jpg",2398,1751
16_entree-de-la-ville-de-foumban-02.jpg,Entree de la ville de Foumban - 02.jpg,Mndetatsin,CC BY-SA 4.0,https://creativecommons.org/licenses/by-sa/4.0,https://commons.wikimedia.org/wiki/File:Entree_de_la_ville_de_Foumban_-_02.jpg,4608,3456
17_case-traditionnelle-de-moundang.jpg,Case traditionnelle de Moundang.jpg,Abdouraman Mana 33,CC0,http://creativecommons.org/publicdomain/zero/1.0/deed.en,https://commons.wikimedia.org/wiki/File:Case_traditionnelle_de_Moundang.jpg,4160,3120
18_direction-de-l-ibai.jpg,Direction de l'IBAI.jpg,ZRA BLAISE,CC BY-SA 4.0,https://creativecommons.org/licenses/by-sa/4.0,https://commons.wikimedia.org/wiki/File:Direction_de_l%27IBAI.jpg,2448,3264
19_1500-homes-destroyed-in-douala-cameroon.jpg,"1500 homes destroyed in Douala, Cameroon.jpg",Aigledelanuit1,CC BY-SA 4.0,https://creativecommons.org/licenses/by-sa/4.0,"https://commons.wikimedia.org/wiki/File:1500_homes_destroyed_in_Douala,_Cameroon.jpg",4608,3456
20_douala-bangue-02.jpg,DOUALA BANGUE 02.jpg,GTankam1,CC BY-SA 4.0,https://creativecommons.org/licenses/by-sa/4.0,https://commons.wikimedia.org/wiki/File:DOUALA_BANGUE_02.jpg,4272,2848
21_mendong-houses.jpg,Mendong houses.jpg,RousselPictures,CC BY-SA 4.0,https://creativecommons.org/licenses/by-sa/4.0,https://commons.wikimedia.org/wiki/File:Mendong_houses.jpg,4512,3000
22_prime-minister-building-yaounde-cameroon.jpg,"Prime Minister Building Yaoundé, Cameroon.jpg",Ryanvanhuyssteen,CC BY-SA 4.0,https://creativecommons.org/licenses/by-sa/4.0,"https://commons.wikimedia.org/wiki/File:Prime_Minister_Building_Yaound%C3%A9,_Cameroon.jpg",3456,4608
23_villa-mandessi-bell-b.jpg,Villa Mandessi Bell b.jpg,Yves Makongo,CC BY-SA 3.0,https://creativecommons.org/licenses/by-sa/3.0,https://commons.wikimedia.org/wiki/File:Villa_Mandessi_Bell_b.jpg,2048,1536
24_houses-along-road-cameroon.jpg,Houses along road (Cameroon).jpg,James Emery,CC BY 2.0,https://creativecommons.org/licenses/by/2.0,https://commons.wikimedia.org/wiki/File:Houses_along_road_(Cameroon).jpg,3264,2448
25_douala-cameroon.jpg,"Douala, Cameroon.jpg",MJean17,CC BY-SA 4.0,https://creativecommons.org/licenses/by-sa/4.0,"https://commons.wikimedia.org/wiki/File:Douala,_Cameroon.jpg",4366,3491
26_chata-u-bamilekow-kamerun-001958s.jpg,Chata u Bamilekow - Kamerun - 001958s.jpg,nieznany,CC BY-SA 3.0 pl,https://creativecommons.org/licenses/by-sa/3.0/pl/deed.en,https://commons.wikimedia.org/wiki/File:Chata_u_Bamilekow_-_Kamerun_-_001958s.jpg,1920,1293
27_le-pont-de-la-dibamba-19.jpg,Le pont de la Dibamba. 19.jpg,Le Schéma,CC0,http://creativecommons.org/publicdomain/zero/1.0/deed.en,https://commons.wikimedia.org/wiki/File:Le_pont_de_la_Dibamba._19.jpg,3024,2894
28_plants-limbe-botanical-garden-20.jpg,Plants Limbe Botanical Garden 20.jpg,Adesolive,CC BY-SA 4.0,https://creativecommons.org/licenses/by-sa/4.0,https://commons.wikimedia.org/wiki/File:Plants_Limbe_Botanical_Garden_20.jpg,3024,4032
29_exterior-of-the-restaurant-11.jpg,Exterior of the Restaurant 11.jpg,Alangi Derick,CC BY-SA 4.0,https://creativecommons.org/licenses/by-sa/4.0,https://commons.wikimedia.org/wiki/File:Exterior_of_the_Restaurant_11.jpg,5184,3456
30_coiffe-bafoussam-1.jpg,Coiffe-Bafoussam (1).jpg,Ji-Elle,CC BY-SA 4.0,https://creativecommons.org/licenses/by-sa/4.0,https://commons.wikimedia.org/wiki/File:Coiffe-Bafoussam_(1).jpg,3024,4032
